Testuser3,Testuser3@swarmio.media
Testuser4,Testuser4@swarmio.media
Testuser5,Testuser5@swarmio.media
Testuser6,Testuser6@swarmio.media
Testuser7,Testuser7@swarmio.media
Testuser8,Testuser8@swarmio.media
Testuser9,Testuser9@swarmio.media
Testuser10,Testuser10@swarmio.media
Testuser11,Testuser11@swarmio.media
Testuser12,Testuser12@swarmio.media
Testuser13,Testuser13@swarmio.media
Testuser14,Testuser14@swarmio.media
Testuser15,Testuser15@swarmio.media
Testuser16,Testuser16@swarmio.media
Testuser17,Testuser17@swarmio.media
Testuser18,Testuser18@swarmio.media
Testuser19,Testuser19@swarmio.media
Testuser20,Testuser20@swarmio.media
Testuser21,Testuser21@swarmio.media
Testuser22,Testuser22@swarmio.media
Testuser23,Testuser23@swarmio.media
Testuser24,Testuser24@swarmio.media
Testuser25,Testuser25@swarmio.media
Testuser26,Testuser26@swarmio.media
Testuser27,Testuser27@swarmio.media
Testuser28,Testuser28@swarmio.media
Testuser29,Testuser29@swarmio.media
Testuser30,Testuser30@swarmio.media
Testuser31,Testuser31@swarmio.media
Testuser32,Testuser32@swarmio.media
Testuser33,Testuser33@swarmio.media
Testuser34,Testuser34@swarmio.media
Testuser35,Testuser35@swarmio.media
Testuser36,Testuser36@swarmio.media
Testuser37,Testuser37@swarmio.media
Testuser38,Testuser38@swarmio.media
Testuser39,Testuser39@swarmio.media
Testuser40,Testuser40@swarmio.media
Testuser41,Testuser41@swarmio.media
Testuser42,Testuser42@swarmio.media
Testuser43,Testuser43@swarmio.media
Testuser44,Testuser44@swarmio.media
Testuser45,Testuser45@swarmio.media
Testuser46,Testuser46@swarmio.media
Testuser47,Testuser47@swarmio.media
Testuser48,Testuser48@swarmio.media
Testuser49,Testuser49@swarmio.media
Testuser50,Testuser50@swarmio.media
Testuser51,Testuser51@swarmio.media
Testuser52,Testuser52@swarmio.media
Testuser53,Testuser53@swarmio.media
Testuser54,Testuser54@swarmio.media
Testuser55,Testuser55@swarmio.media
Testuser56,Testuser56@swarmio.media
Testuser57,Testuser57@swarmio.media
Testuser58,Testuser58@swarmio.media
Testuser59,Testuser59@swarmio.media
Testuser60,Testuser60@swarmio.media
Testuser61,Testuser61@swarmio.media
Testuser62,Testuser62@swarmio.media
Testuser63,Testuser63@swarmio.media
Testuser64,Testuser64@swarmio.media
Testuser65,Testuser65@swarmio.media
Testuser66,Testuser66@swarmio.media
Testuser67,Testuser67@swarmio.media
Testuser68,Testuser68@swarmio.media
Testuser69,Testuser69@swarmio.media
Testuser70,Testuser70@swarmio.media
Testuser71,Testuser71@swarmio.media
Testuser72,Testuser72@swarmio.media
Testuser73,Testuser73@swarmio.media
Testuser74,Testuser74@swarmio.media
Testuser75,Testuser75@swarmio.media
Testuser76,Testuser76@swarmio.media
Testuser77,Testuser77@swarmio.media
Testuser78,Testuser78@swarmio.media
Testuser79,Testuser79@swarmio.media
Testuser80,Testuser80@swarmio.media
Testuser81,Testuser81@swarmio.media
Testuser82,Testuser82@swarmio.media
Testuser83,Testuser83@swarmio.media
Testuser84,Testuser84@swarmio.media
Testuser85,Testuser85@swarmio.media
Testuser86,Testuser86@swarmio.media
Testuser87,Testuser87@swarmio.media
Testuser88,Testuser88@swarmio.media
Testuser89,Testuser89@swarmio.media
Testuser90,Testuser90@swarmio.media
Testuser91,Testuser91@swarmio.media
Testuser92,Testuser92@swarmio.media
Testuser93,Testuser93@swarmio.media
Testuser94,Testuser94@swarmio.media
Testuser95,Testuser95@swarmio.media
Testuser96,Testuser96@swarmio.media
Testuser97,Testuser97@swarmio.media
Testuser98,Testuser98@swarmio.media
Testuser99,Testuser99@swarmio.media
Testuser100,Testuser100@swarmio.media
Testuser101,Testuser101@swarmio.media
Testuser102,Testuser102@swarmio.media
Testuser103,Testuser103@swarmio.media
Testuser104,Testuser104@swarmio.media
Testuser105,Testuser105@swarmio.media
Testuser106,Testuser106@swarmio.media
Testuser107,Testuser107@swarmio.media
Testuser108,Testuser108@swarmio.media
Testuser109,Testuser109@swarmio.media
Testuser110,Testuser110@swarmio.media
Testuser111,Testuser111@swarmio.media
Testuser112,Testuser112@swarmio.media
Testuser113,Testuser113@swarmio.media
Testuser114,Testuser114@swarmio.media
Testuser115,Testuser115@swarmio.media
Testuser116,Testuser116@swarmio.media
Testuser117,Testuser117@swarmio.media
Testuser118,Testuser118@swarmio.media
Testuser119,Testuser119@swarmio.media
Testuser120,Testuser120@swarmio.media
Testuser121,Testuser121@swarmio.media
Testuser122,Testuser122@swarmio.media
Testuser123,Testuser123@swarmio.media
Testuser124,Testuser124@swarmio.media
Testuser125,Testuser125@swarmio.media
Testuser126,Testuser126@swarmio.media
Testuser127,Testuser127@swarmio.media
Testuser128,Testuser128@swarmio.media
Testuser129,Testuser129@swarmio.media
Testuser130,Testuser130@swarmio.media
Testuser131,Testuser131@swarmio.media
Testuser132,Testuser132@swarmio.media
Testuser133,Testuser133@swarmio.media
Testuser134,Testuser134@swarmio.media
Testuser135,Testuser135@swarmio.media
Testuser136,Testuser136@swarmio.media
Testuser137,Testuser137@swarmio.media
Testuser138,Testuser138@swarmio.media
Testuser139,Testuser139@swarmio.media
Testuser140,Testuser140@swarmio.media
Testuser141,Testuser141@swarmio.media
Testuser142,Testuser142@swarmio.media
Testuser143,Testuser143@swarmio.media
Testuser144,Testuser144@swarmio.media
Testuser145,Testuser145@swarmio.media
Testuser146,Testuser146@swarmio.media
Testuser147,Testuser147@swarmio.media
Testuser148,Testuser148@swarmio.media
Testuser149,Testuser149@swarmio.media
Testuser150,Testuser150@swarmio.media
Testuser151,Testuser151@swarmio.media
Testuser152,Testuser152@swarmio.media
Testuser153,Testuser153@swarmio.media
Testuser154,Testuser154@swarmio.media
Testuser155,Testuser155@swarmio.media
Testuser156,Testuser156@swarmio.media
Testuser157,Testuser157@swarmio.media
Testuser158,Testuser158@swarmio.media
Testuser159,Testuser159@swarmio.media
Testuser160,Testuser160@swarmio.media
Testuser161,Testuser161@swarmio.media
Testuser162,Testuser162@swarmio.media
Testuser163,Testuser163@swarmio.media
Testuser164,Testuser164@swarmio.media
Testuser165,Testuser165@swarmio.media
Testuser166,Testuser166@swarmio.media
Testuser167,Testuser167@swarmio.media
Testuser168,Testuser168@swarmio.media
Testuser169,Testuser169@swarmio.media
Testuser170,Testuser170@swarmio.media
Testuser171,Testuser171@swarmio.media
Testuser172,Testuser172@swarmio.media
Testuser173,Testuser173@swarmio.media
Testuser174,Testuser174@swarmio.media
Testuser175,Testuser175@swarmio.media
Testuser176,Testuser176@swarmio.media
Testuser177,Testuser177@swarmio.media
Testuser178,Testuser178@swarmio.media
Testuser179,Testuser179@swarmio.media
Testuser180,Testuser180@swarmio.media
Testuser181,Testuser181@swarmio.media
Testuser182,Testuser182@swarmio.media
Testuser183,Testuser183@swarmio.media
Testuser184,Testuser184@swarmio.media
Testuser185,Testuser185@swarmio.media
Testuser186,Testuser186@swarmio.media
Testuser187,Testuser187@swarmio.media
Testuser188,Testuser188@swarmio.media
Testuser189,Testuser189@swarmio.media
Testuser190,Testuser190@swarmio.media
Testuser191,Testuser191@swarmio.media
Testuser192,Testuser192@swarmio.media
Testuser193,Testuser193@swarmio.media
Testuser194,Testuser194@swarmio.media
Testuser195,Testuser195@swarmio.media
Testuser196,Testuser196@swarmio.media
Testuser197,Testuser197@swarmio.media
Testuser198,Testuser198@swarmio.media
Testuser199,Testuser199@swarmio.media
Testuser200,Testuser200@swarmio.media
Testuser201,Testuser201@swarmio.media
Testuser202,Testuser202@swarmio.media
Testuser203,Testuser203@swarmio.media
Testuser204,Testuser204@swarmio.media
Testuser205,Testuser205@swarmio.media
Testuser206,Testuser206@swarmio.media
Testuser207,Testuser207@swarmio.media
Testuser208,Testuser208@swarmio.media
Testuser209,Testuser209@swarmio.media
Testuser210,Testuser210@swarmio.media
Testuser211,Testuser211@swarmio.media
Testuser212,Testuser212@swarmio.media
Testuser213,Testuser213@swarmio.media
Testuser214,Testuser214@swarmio.media
Testuser215,Testuser215@swarmio.media
Testuser216,Testuser216@swarmio.media
Testuser217,Testuser217@swarmio.media
Testuser218,Testuser218@swarmio.media
Testuser219,Testuser219@swarmio.media
Testuser220,Testuser220@swarmio.media
Testuser221,Testuser221@swarmio.media
Testuser222,Testuser222@swarmio.media
Testuser223,Testuser223@swarmio.media
Testuser224,Testuser224@swarmio.media
Testuser225,Testuser225@swarmio.media
Testuser226,Testuser226@swarmio.media
Testuser227,Testuser227@swarmio.media
Testuser228,Testuser228@swarmio.media
Testuser229,Testuser229@swarmio.media
Testuser230,Testuser230@swarmio.media
Testuser231,Testuser231@swarmio.media
Testuser232,Testuser232@swarmio.media
Testuser233,Testuser233@swarmio.media
Testuser234,Testuser234@swarmio.media
Testuser235,Testuser235@swarmio.media
Testuser236,Testuser236@swarmio.media
Testuser237,Testuser237@swarmio.media
Testuser238,Testuser238@swarmio.media
Testuser239,Testuser239@swarmio.media
Testuser240,Testuser240@swarmio.media
Testuser241,Testuser241@swarmio.media
Testuser242,Testuser242@swarmio.media
Testuser243,Testuser243@swarmio.media
Testuser244,Testuser244@swarmio.media
Testuser245,Testuser245@swarmio.media
Testuser246,Testuser246@swarmio.media
Testuser247,Testuser247@swarmio.media
Testuser248,Testuser248@swarmio.media
Testuser249,Testuser249@swarmio.media
Testuser250,Testuser250@swarmio.media
Testuser251,Testuser251@swarmio.media
Testuser252,Testuser252@swarmio.media
Testuser253,Testuser253@swarmio.media
Testuser254,Testuser254@swarmio.media
Testuser255,Testuser255@swarmio.media
Testuser256,Testuser256@swarmio.media
Testuser257,Testuser257@swarmio.media
Testuser258,Testuser258@swarmio.media
Testuser259,Testuser259@swarmio.media
Testuser260,Testuser260@swarmio.media
Testuser261,Testuser261@swarmio.media
Testuser262,Testuser262@swarmio.media
Testuser263,Testuser263@swarmio.media
Testuser264,Testuser264@swarmio.media
Testuser265,Testuser265@swarmio.media
Testuser266,Testuser266@swarmio.media
Testuser267,Testuser267@swarmio.media
Testuser268,Testuser268@swarmio.media
Testuser269,Testuser269@swarmio.media
Testuser270,Testuser270@swarmio.media
Testuser271,Testuser271@swarmio.media
Testuser272,Testuser272@swarmio.media
Testuser273,Testuser273@swarmio.media
Testuser274,Testuser274@swarmio.media
Testuser275,Testuser275@swarmio.media
Testuser276,Testuser276@swarmio.media
Testuser277,Testuser277@swarmio.media
Testuser278,Testuser278@swarmio.media
Testuser279,Testuser279@swarmio.media
Testuser280,Testuser280@swarmio.media
Testuser281,Testuser281@swarmio.media
Testuser282,Testuser282@swarmio.media
Testuser283,Testuser283@swarmio.media
Testuser284,Testuser284@swarmio.media
Testuser285,Testuser285@swarmio.media
Testuser286,Testuser286@swarmio.media
Testuser287,Testuser287@swarmio.media
Testuser288,Testuser288@swarmio.media
Testuser289,Testuser289@swarmio.media
Testuser290,Testuser290@swarmio.media
Testuser291,Testuser291@swarmio.media
Testuser292,Testuser292@swarmio.media
Testuser293,Testuser293@swarmio.media
Testuser294,Testuser294@swarmio.media
Testuser295,Testuser295@swarmio.media
Testuser296,Testuser296@swarmio.media
Testuser297,Testuser297@swarmio.media
Testuser298,Testuser298@swarmio.media
Testuser299,Testuser299@swarmio.media
Testuser300,Testuser300@swarmio.media
Testuser301,Testuser301@swarmio.media
Testuser302,Testuser302@swarmio.media
Testuser303,Testuser303@swarmio.media
Testuser304,Testuser304@swarmio.media
Testuser305,Testuser305@swarmio.media
Testuser306,Testuser306@swarmio.media
Testuser307,Testuser307@swarmio.media
Testuser308,Testuser308@swarmio.media
Testuser309,Testuser309@swarmio.media
Testuser310,Testuser310@swarmio.media
Testuser311,Testuser311@swarmio.media
Testuser312,Testuser312@swarmio.media
Testuser313,Testuser313@swarmio.media
Testuser314,Testuser314@swarmio.media
Testuser315,Testuser315@swarmio.media
Testuser316,Testuser316@swarmio.media
Testuser317,Testuser317@swarmio.media
Testuser318,Testuser318@swarmio.media
Testuser319,Testuser319@swarmio.media
Testuser320,Testuser320@swarmio.media
Testuser321,Testuser321@swarmio.media
Testuser322,Testuser322@swarmio.media
Testuser323,Testuser323@swarmio.media
Testuser324,Testuser324@swarmio.media
Testuser325,Testuser325@swarmio.media
Testuser326,Testuser326@swarmio.media
Testuser327,Testuser327@swarmio.media
Testuser328,Testuser328@swarmio.media
Testuser329,Testuser329@swarmio.media
Testuser330,Testuser330@swarmio.media
Testuser331,Testuser331@swarmio.media
Testuser332,Testuser332@swarmio.media
Testuser333,Testuser333@swarmio.media
Testuser334,Testuser334@swarmio.media
Testuser335,Testuser335@swarmio.media
Testuser336,Testuser336@swarmio.media
Testuser337,Testuser337@swarmio.media
Testuser338,Testuser338@swarmio.media
Testuser339,Testuser339@swarmio.media
Testuser340,Testuser340@swarmio.media
Testuser341,Testuser341@swarmio.media
Testuser342,Testuser342@swarmio.media
Testuser343,Testuser343@swarmio.media
Testuser344,Testuser344@swarmio.media
Testuser345,Testuser345@swarmio.media
Testuser346,Testuser346@swarmio.media
Testuser347,Testuser347@swarmio.media
Testuser348,Testuser348@swarmio.media
Testuser349,Testuser349@swarmio.media
Testuser350,Testuser350@swarmio.media
Testuser351,Testuser351@swarmio.media
Testuser352,Testuser352@swarmio.media
Testuser353,Testuser353@swarmio.media
Testuser354,Testuser354@swarmio.media
Testuser355,Testuser355@swarmio.media
Testuser356,Testuser356@swarmio.media
Testuser357,Testuser357@swarmio.media
Testuser358,Testuser358@swarmio.media
Testuser359,Testuser359@swarmio.media
Testuser360,Testuser360@swarmio.media
Testuser361,Testuser361@swarmio.media
Testuser362,Testuser362@swarmio.media
Testuser363,Testuser363@swarmio.media
Testuser364,Testuser364@swarmio.media
Testuser365,Testuser365@swarmio.media
Testuser366,Testuser366@swarmio.media
Testuser367,Testuser367@swarmio.media
Testuser368,Testuser368@swarmio.media
Testuser369,Testuser369@swarmio.media
Testuser370,Testuser370@swarmio.media
Testuser371,Testuser371@swarmio.media
Testuser372,Testuser372@swarmio.media
Testuser373,Testuser373@swarmio.media
Testuser374,Testuser374@swarmio.media
Testuser375,Testuser375@swarmio.media
Testuser376,Testuser376@swarmio.media
Testuser377,Testuser377@swarmio.media
Testuser378,Testuser378@swarmio.media
Testuser379,Testuser379@swarmio.media
Testuser380,Testuser380@swarmio.media
Testuser381,Testuser381@swarmio.media
Testuser382,Testuser382@swarmio.media
Testuser383,Testuser383@swarmio.media
Testuser384,Testuser384@swarmio.media
Testuser385,Testuser385@swarmio.media
Testuser386,Testuser386@swarmio.media
Testuser387,Testuser387@swarmio.media
Testuser388,Testuser388@swarmio.media
Testuser389,Testuser389@swarmio.media
Testuser390,Testuser390@swarmio.media
Testuser391,Testuser391@swarmio.media
Testuser392,Testuser392@swarmio.media
Testuser393,Testuser393@swarmio.media
Testuser394,Testuser394@swarmio.media
Testuser395,Testuser395@swarmio.media
Testuser396,Testuser396@swarmio.media
Testuser397,Testuser397@swarmio.media
Testuser398,Testuser398@swarmio.media
Testuser399,Testuser399@swarmio.media
Testuser400,Testuser400@swarmio.media
Testuser401,Testuser401@swarmio.media
Testuser402,Testuser402@swarmio.media
Testuser403,Testuser403@swarmio.media
Testuser404,Testuser404@swarmio.media
Testuser405,Testuser405@swarmio.media
Testuser406,Testuser406@swarmio.media
Testuser407,Testuser407@swarmio.media
Testuser408,Testuser408@swarmio.media
Testuser409,Testuser409@swarmio.media
Testuser410,Testuser410@swarmio.media
Testuser411,Testuser411@swarmio.media
Testuser412,Testuser412@swarmio.media
Testuser413,Testuser413@swarmio.media
Testuser414,Testuser414@swarmio.media
Testuser415,Testuser415@swarmio.media
Testuser416,Testuser416@swarmio.media
Testuser417,Testuser417@swarmio.media
Testuser418,Testuser418@swarmio.media
Testuser419,Testuser419@swarmio.media
Testuser420,Testuser420@swarmio.media
Testuser421,Testuser421@swarmio.media
Testuser422,Testuser422@swarmio.media
Testuser423,Testuser423@swarmio.media
Testuser424,Testuser424@swarmio.media
Testuser425,Testuser425@swarmio.media
Testuser426,Testuser426@swarmio.media
Testuser427,Testuser427@swarmio.media
Testuser428,Testuser428@swarmio.media
Testuser429,Testuser429@swarmio.media
Testuser430,Testuser430@swarmio.media
Testuser431,Testuser431@swarmio.media
Testuser432,Testuser432@swarmio.media
Testuser433,Testuser433@swarmio.media
Testuser434,Testuser434@swarmio.media
Testuser435,Testuser435@swarmio.media
Testuser436,Testuser436@swarmio.media
Testuser437,Testuser437@swarmio.media
Testuser438,Testuser438@swarmio.media
Testuser439,Testuser439@swarmio.media
Testuser440,Testuser440@swarmio.media
Testuser441,Testuser441@swarmio.media
Testuser442,Testuser442@swarmio.media
Testuser443,Testuser443@swarmio.media
Testuser444,Testuser444@swarmio.media
Testuser445,Testuser445@swarmio.media
Testuser446,Testuser446@swarmio.media
Testuser447,Testuser447@swarmio.media
Testuser448,Testuser448@swarmio.media
Testuser449,Testuser449@swarmio.media
Testuser450,Testuser450@swarmio.media
Testuser451,Testuser451@swarmio.media
Testuser452,Testuser452@swarmio.media
Testuser453,Testuser453@swarmio.media
Testuser454,Testuser454@swarmio.media
Testuser455,Testuser455@swarmio.media
Testuser456,Testuser456@swarmio.media
Testuser457,Testuser457@swarmio.media
Testuser458,Testuser458@swarmio.media
Testuser459,Testuser459@swarmio.media
Testuser460,Testuser460@swarmio.media
Testuser461,Testuser461@swarmio.media
Testuser462,Testuser462@swarmio.media
Testuser463,Testuser463@swarmio.media
Testuser464,Testuser464@swarmio.media
Testuser465,Testuser465@swarmio.media
Testuser466,Testuser466@swarmio.media
Testuser467,Testuser467@swarmio.media
Testuser468,Testuser468@swarmio.media
Testuser469,Testuser469@swarmio.media
Testuser470,Testuser470@swarmio.media
Testuser471,Testuser471@swarmio.media
Testuser472,Testuser472@swarmio.media
Testuser473,Testuser473@swarmio.media
Testuser474,Testuser474@swarmio.media
Testuser475,Testuser475@swarmio.media
Testuser476,Testuser476@swarmio.media
Testuser477,Testuser477@swarmio.media
Testuser478,Testuser478@swarmio.media
Testuser479,Testuser479@swarmio.media
Testuser480,Testuser480@swarmio.media
Testuser481,Testuser481@swarmio.media
Testuser482,Testuser482@swarmio.media
Testuser483,Testuser483@swarmio.media
Testuser484,Testuser484@swarmio.media
Testuser485,Testuser485@swarmio.media
Testuser486,Testuser486@swarmio.media
Testuser487,Testuser487@swarmio.media
Testuser488,Testuser488@swarmio.media
Testuser489,Testuser489@swarmio.media
Testuser490,Testuser490@swarmio.media
Testuser491,Testuser491@swarmio.media
Testuser492,Testuser492@swarmio.media
Testuser493,Testuser493@swarmio.media
Testuser494,Testuser494@swarmio.media
Testuser495,Testuser495@swarmio.media
Testuser496,Testuser496@swarmio.media
Testuser497,Testuser497@swarmio.media
Testuser498,Testuser498@swarmio.media
Testuser499,Testuser499@swarmio.media
Testuser500,Testuser500@swarmio.media
Testuser501,Testuser501@swarmio.media
Testuser502,Testuser502@swarmio.media
Testuser503,Testuser503@swarmio.media
Testuser504,Testuser504@swarmio.media
Testuser505,Testuser505@swarmio.media
Testuser506,Testuser506@swarmio.media
Testuser507,Testuser507@swarmio.media
Testuser508,Testuser508@swarmio.media
Testuser509,Testuser509@swarmio.media
Testuser510,Testuser510@swarmio.media
Testuser511,Testuser511@swarmio.media
Testuser512,Testuser512@swarmio.media
Testuser513,Testuser513@swarmio.media
Testuser514,Testuser514@swarmio.media
Testuser515,Testuser515@swarmio.media
Testuser516,Testuser516@swarmio.media
Testuser517,Testuser517@swarmio.media
Testuser518,Testuser518@swarmio.media
Testuser519,Testuser519@swarmio.media
Testuser520,Testuser520@swarmio.media
Testuser521,Testuser521@swarmio.media
Testuser522,Testuser522@swarmio.media
Testuser523,Testuser523@swarmio.media
Testuser524,Testuser524@swarmio.media
Testuser525,Testuser525@swarmio.media
Testuser526,Testuser526@swarmio.media
Testuser527,Testuser527@swarmio.media
Testuser528,Testuser528@swarmio.media
Testuser529,Testuser529@swarmio.media
Testuser530,Testuser530@swarmio.media
Testuser531,Testuser531@swarmio.media
Testuser532,Testuser532@swarmio.media
Testuser533,Testuser533@swarmio.media
Testuser534,Testuser534@swarmio.media
Testuser535,Testuser535@swarmio.media
Testuser536,Testuser536@swarmio.media
Testuser537,Testuser537@swarmio.media
Testuser538,Testuser538@swarmio.media
Testuser539,Testuser539@swarmio.media
Testuser540,Testuser540@swarmio.media
Testuser541,Testuser541@swarmio.media
Testuser542,Testuser542@swarmio.media
Testuser543,Testuser543@swarmio.media
Testuser544,Testuser544@swarmio.media
Testuser545,Testuser545@swarmio.media
Testuser546,Testuser546@swarmio.media
Testuser547,Testuser547@swarmio.media
Testuser548,Testuser548@swarmio.media
Testuser549,Testuser549@swarmio.media
Testuser550,Testuser550@swarmio.media
Testuser551,Testuser551@swarmio.media
Testuser552,Testuser552@swarmio.media
Testuser553,Testuser553@swarmio.media
Testuser554,Testuser554@swarmio.media
Testuser555,Testuser555@swarmio.media
Testuser556,Testuser556@swarmio.media
Testuser557,Testuser557@swarmio.media
Testuser558,Testuser558@swarmio.media
Testuser559,Testuser559@swarmio.media
Testuser560,Testuser560@swarmio.media
Testuser561,Testuser561@swarmio.media
Testuser562,Testuser562@swarmio.media
Testuser563,Testuser563@swarmio.media
Testuser564,Testuser564@swarmio.media
Testuser565,Testuser565@swarmio.media
Testuser566,Testuser566@swarmio.media
Testuser567,Testuser567@swarmio.media
Testuser568,Testuser568@swarmio.media
Testuser569,Testuser569@swarmio.media
Testuser570,Testuser570@swarmio.media
Testuser571,Testuser571@swarmio.media
Testuser572,Testuser572@swarmio.media
Testuser573,Testuser573@swarmio.media
Testuser574,Testuser574@swarmio.media
Testuser575,Testuser575@swarmio.media
Testuser576,Testuser576@swarmio.media
Testuser577,Testuser577@swarmio.media
Testuser578,Testuser578@swarmio.media
Testuser579,Testuser579@swarmio.media
Testuser580,Testuser580@swarmio.media
Testuser581,Testuser581@swarmio.media
Testuser582,Testuser582@swarmio.media
Testuser583,Testuser583@swarmio.media
Testuser584,Testuser584@swarmio.media
Testuser585,Testuser585@swarmio.media
Testuser586,Testuser586@swarmio.media
Testuser587,Testuser587@swarmio.media
Testuser588,Testuser588@swarmio.media
Testuser589,Testuser589@swarmio.media
Testuser590,Testuser590@swarmio.media
Testuser591,Testuser591@swarmio.media
Testuser592,Testuser592@swarmio.media
Testuser593,Testuser593@swarmio.media
Testuser594,Testuser594@swarmio.media
Testuser595,Testuser595@swarmio.media
Testuser596,Testuser596@swarmio.media
Testuser597,Testuser597@swarmio.media
Testuser598,Testuser598@swarmio.media
Testuser599,Testuser599@swarmio.media
Testuser600,Testuser600@swarmio.media
Testuser601,Testuser601@swarmio.media
Testuser602,Testuser602@swarmio.media
Testuser603,Testuser603@swarmio.media
Testuser604,Testuser604@swarmio.media
Testuser605,Testuser605@swarmio.media
Testuser606,Testuser606@swarmio.media
Testuser607,Testuser607@swarmio.media
Testuser608,Testuser608@swarmio.media
Testuser609,Testuser609@swarmio.media
Testuser610,Testuser610@swarmio.media
Testuser611,Testuser611@swarmio.media
Testuser612,Testuser612@swarmio.media
Testuser613,Testuser613@swarmio.media
Testuser614,Testuser614@swarmio.media
Testuser615,Testuser615@swarmio.media
Testuser616,Testuser616@swarmio.media
Testuser617,Testuser617@swarmio.media
Testuser618,Testuser618@swarmio.media
Testuser619,Testuser619@swarmio.media
Testuser620,Testuser620@swarmio.media
Testuser621,Testuser621@swarmio.media
Testuser622,Testuser622@swarmio.media
Testuser623,Testuser623@swarmio.media
Testuser624,Testuser624@swarmio.media
Testuser625,Testuser625@swarmio.media
Testuser626,Testuser626@swarmio.media
Testuser627,Testuser627@swarmio.media
Testuser628,Testuser628@swarmio.media
Testuser629,Testuser629@swarmio.media
Testuser630,Testuser630@swarmio.media
Testuser631,Testuser631@swarmio.media
Testuser632,Testuser632@swarmio.media
Testuser633,Testuser633@swarmio.media
Testuser634,Testuser634@swarmio.media
Testuser635,Testuser635@swarmio.media
Testuser636,Testuser636@swarmio.media
Testuser637,Testuser637@swarmio.media
Testuser638,Testuser638@swarmio.media
Testuser639,Testuser639@swarmio.media
Testuser640,Testuser640@swarmio.media
Testuser641,Testuser641@swarmio.media
Testuser642,Testuser642@swarmio.media
Testuser643,Testuser643@swarmio.media
Testuser644,Testuser644@swarmio.media
Testuser645,Testuser645@swarmio.media
Testuser646,Testuser646@swarmio.media
Testuser647,Testuser647@swarmio.media
Testuser648,Testuser648@swarmio.media
Testuser649,Testuser649@swarmio.media
Testuser650,Testuser650@swarmio.media
Testuser651,Testuser651@swarmio.media
Testuser652,Testuser652@swarmio.media
Testuser653,Testuser653@swarmio.media
Testuser654,Testuser654@swarmio.media
Testuser655,Testuser655@swarmio.media
Testuser656,Testuser656@swarmio.media
Testuser657,Testuser657@swarmio.media
Testuser658,Testuser658@swarmio.media
Testuser659,Testuser659@swarmio.media
Testuser660,Testuser660@swarmio.media
Testuser661,Testuser661@swarmio.media
Testuser662,Testuser662@swarmio.media
Testuser663,Testuser663@swarmio.media
Testuser664,Testuser664@swarmio.media
Testuser665,Testuser665@swarmio.media
Testuser666,Testuser666@swarmio.media
Testuser667,Testuser667@swarmio.media
Testuser668,Testuser668@swarmio.media
Testuser669,Testuser669@swarmio.media
Testuser670,Testuser670@swarmio.media
Testuser671,Testuser671@swarmio.media
Testuser672,Testuser672@swarmio.media
Testuser673,Testuser673@swarmio.media
Testuser674,Testuser674@swarmio.media
Testuser675,Testuser675@swarmio.media
Testuser676,Testuser676@swarmio.media
Testuser677,Testuser677@swarmio.media
Testuser678,Testuser678@swarmio.media
Testuser679,Testuser679@swarmio.media
Testuser680,Testuser680@swarmio.media
Testuser681,Testuser681@swarmio.media
Testuser682,Testuser682@swarmio.media
Testuser683,Testuser683@swarmio.media
Testuser684,Testuser684@swarmio.media
Testuser685,Testuser685@swarmio.media
Testuser686,Testuser686@swarmio.media
Testuser687,Testuser687@swarmio.media
Testuser688,Testuser688@swarmio.media
Testuser689,Testuser689@swarmio.media
Testuser690,Testuser690@swarmio.media
Testuser691,Testuser691@swarmio.media
Testuser692,Testuser692@swarmio.media
Testuser693,Testuser693@swarmio.media
Testuser694,Testuser694@swarmio.media
Testuser695,Testuser695@swarmio.media
Testuser696,Testuser696@swarmio.media
Testuser697,Testuser697@swarmio.media
Testuser698,Testuser698@swarmio.media
Testuser699,Testuser699@swarmio.media
Testuser700,Testuser700@swarmio.media
Testuser701,Testuser701@swarmio.media
Testuser702,Testuser702@swarmio.media
Testuser703,Testuser703@swarmio.media
Testuser704,Testuser704@swarmio.media
Testuser705,Testuser705@swarmio.media
Testuser706,Testuser706@swarmio.media
Testuser707,Testuser707@swarmio.media
Testuser708,Testuser708@swarmio.media
Testuser709,Testuser709@swarmio.media
Testuser710,Testuser710@swarmio.media
Testuser711,Testuser711@swarmio.media
Testuser712,Testuser712@swarmio.media
Testuser713,Testuser713@swarmio.media
Testuser714,Testuser714@swarmio.media
Testuser715,Testuser715@swarmio.media
Testuser716,Testuser716@swarmio.media
Testuser717,Testuser717@swarmio.media
Testuser718,Testuser718@swarmio.media
Testuser719,Testuser719@swarmio.media
Testuser720,Testuser720@swarmio.media
Testuser721,Testuser721@swarmio.media
Testuser722,Testuser722@swarmio.media
Testuser723,Testuser723@swarmio.media
Testuser724,Testuser724@swarmio.media
Testuser725,Testuser725@swarmio.media
Testuser726,Testuser726@swarmio.media
Testuser727,Testuser727@swarmio.media
Testuser728,Testuser728@swarmio.media
Testuser729,Testuser729@swarmio.media
Testuser730,Testuser730@swarmio.media
Testuser731,Testuser731@swarmio.media
Testuser732,Testuser732@swarmio.media
Testuser733,Testuser733@swarmio.media
Testuser734,Testuser734@swarmio.media
Testuser735,Testuser735@swarmio.media
Testuser736,Testuser736@swarmio.media
Testuser737,Testuser737@swarmio.media
Testuser738,Testuser738@swarmio.media
Testuser739,Testuser739@swarmio.media
Testuser740,Testuser740@swarmio.media
Testuser741,Testuser741@swarmio.media
Testuser742,Testuser742@swarmio.media
Testuser743,Testuser743@swarmio.media
Testuser744,Testuser744@swarmio.media
Testuser745,Testuser745@swarmio.media
Testuser746,Testuser746@swarmio.media
Testuser747,Testuser747@swarmio.media
Testuser748,Testuser748@swarmio.media
Testuser749,Testuser749@swarmio.media
Testuser750,Testuser750@swarmio.media
Testuser751,Testuser751@swarmio.media
Testuser752,Testuser752@swarmio.media
Testuser753,Testuser753@swarmio.media
Testuser754,Testuser754@swarmio.media
Testuser755,Testuser755@swarmio.media
Testuser756,Testuser756@swarmio.media
Testuser757,Testuser757@swarmio.media
Testuser758,Testuser758@swarmio.media
Testuser759,Testuser759@swarmio.media
Testuser760,Testuser760@swarmio.media
Testuser761,Testuser761@swarmio.media
Testuser762,Testuser762@swarmio.media
Testuser763,Testuser763@swarmio.media
Testuser764,Testuser764@swarmio.media
Testuser765,Testuser765@swarmio.media
Testuser766,Testuser766@swarmio.media
Testuser767,Testuser767@swarmio.media
Testuser768,Testuser768@swarmio.media
Testuser769,Testuser769@swarmio.media
Testuser770,Testuser770@swarmio.media
Testuser771,Testuser771@swarmio.media
Testuser772,Testuser772@swarmio.media
Testuser773,Testuser773@swarmio.media
Testuser774,Testuser774@swarmio.media
Testuser775,Testuser775@swarmio.media
Testuser776,Testuser776@swarmio.media
Testuser777,Testuser777@swarmio.media
Testuser778,Testuser778@swarmio.media
Testuser779,Testuser779@swarmio.media
Testuser780,Testuser780@swarmio.media
Testuser781,Testuser781@swarmio.media
Testuser782,Testuser782@swarmio.media
Testuser783,Testuser783@swarmio.media
Testuser784,Testuser784@swarmio.media
Testuser785,Testuser785@swarmio.media
Testuser786,Testuser786@swarmio.media
Testuser787,Testuser787@swarmio.media
Testuser788,Testuser788@swarmio.media
Testuser789,Testuser789@swarmio.media
Testuser790,Testuser790@swarmio.media
Testuser791,Testuser791@swarmio.media
Testuser792,Testuser792@swarmio.media
Testuser793,Testuser793@swarmio.media
Testuser794,Testuser794@swarmio.media
Testuser795,Testuser795@swarmio.media
Testuser796,Testuser796@swarmio.media
Testuser797,Testuser797@swarmio.media
Testuser798,Testuser798@swarmio.media
Testuser799,Testuser799@swarmio.media
Testuser800,Testuser800@swarmio.media
Testuser801,Testuser801@swarmio.media
Testuser802,Testuser802@swarmio.media
Testuser803,Testuser803@swarmio.media
Testuser804,Testuser804@swarmio.media
Testuser805,Testuser805@swarmio.media
Testuser806,Testuser806@swarmio.media
Testuser807,Testuser807@swarmio.media
Testuser808,Testuser808@swarmio.media
Testuser809,Testuser809@swarmio.media
Testuser810,Testuser810@swarmio.media
Testuser811,Testuser811@swarmio.media
Testuser812,Testuser812@swarmio.media
Testuser813,Testuser813@swarmio.media
Testuser814,Testuser814@swarmio.media
Testuser815,Testuser815@swarmio.media
Testuser816,Testuser816@swarmio.media
Testuser817,Testuser817@swarmio.media
Testuser818,Testuser818@swarmio.media
Testuser819,Testuser819@swarmio.media
Testuser820,Testuser820@swarmio.media
Testuser821,Testuser821@swarmio.media
Testuser822,Testuser822@swarmio.media
Testuser823,Testuser823@swarmio.media
Testuser824,Testuser824@swarmio.media
Testuser825,Testuser825@swarmio.media
Testuser826,Testuser826@swarmio.media
Testuser827,Testuser827@swarmio.media
Testuser828,Testuser828@swarmio.media
Testuser829,Testuser829@swarmio.media
Testuser830,Testuser830@swarmio.media
Testuser831,Testuser831@swarmio.media
Testuser832,Testuser832@swarmio.media
Testuser833,Testuser833@swarmio.media
Testuser834,Testuser834@swarmio.media
Testuser835,Testuser835@swarmio.media
Testuser836,Testuser836@swarmio.media
Testuser837,Testuser837@swarmio.media
Testuser838,Testuser838@swarmio.media
Testuser839,Testuser839@swarmio.media
Testuser840,Testuser840@swarmio.media
Testuser841,Testuser841@swarmio.media
Testuser842,Testuser842@swarmio.media
Testuser843,Testuser843@swarmio.media
Testuser844,Testuser844@swarmio.media
Testuser845,Testuser845@swarmio.media
Testuser846,Testuser846@swarmio.media
Testuser847,Testuser847@swarmio.media
Testuser848,Testuser848@swarmio.media
Testuser849,Testuser849@swarmio.media
Testuser850,Testuser850@swarmio.media
Testuser851,Testuser851@swarmio.media
Testuser852,Testuser852@swarmio.media
Testuser853,Testuser853@swarmio.media
Testuser854,Testuser854@swarmio.media
Testuser855,Testuser855@swarmio.media
Testuser856,Testuser856@swarmio.media
Testuser857,Testuser857@swarmio.media
Testuser858,Testuser858@swarmio.media
Testuser859,Testuser859@swarmio.media
Testuser860,Testuser860@swarmio.media
Testuser861,Testuser861@swarmio.media
Testuser862,Testuser862@swarmio.media
Testuser863,Testuser863@swarmio.media
Testuser864,Testuser864@swarmio.media
Testuser865,Testuser865@swarmio.media
Testuser866,Testuser866@swarmio.media
Testuser867,Testuser867@swarmio.media
Testuser868,Testuser868@swarmio.media
Testuser869,Testuser869@swarmio.media
Testuser870,Testuser870@swarmio.media
Testuser871,Testuser871@swarmio.media
Testuser872,Testuser872@swarmio.media
Testuser873,Testuser873@swarmio.media
Testuser874,Testuser874@swarmio.media
Testuser875,Testuser875@swarmio.media
Testuser876,Testuser876@swarmio.media
Testuser877,Testuser877@swarmio.media
Testuser878,Testuser878@swarmio.media
Testuser879,Testuser879@swarmio.media
Testuser880,Testuser880@swarmio.media
Testuser881,Testuser881@swarmio.media
Testuser882,Testuser882@swarmio.media
Testuser883,Testuser883@swarmio.media
Testuser884,Testuser884@swarmio.media
Testuser885,Testuser885@swarmio.media
Testuser886,Testuser886@swarmio.media
Testuser887,Testuser887@swarmio.media
Testuser888,Testuser888@swarmio.media
Testuser889,Testuser889@swarmio.media
Testuser890,Testuser890@swarmio.media
Testuser891,Testuser891@swarmio.media
Testuser892,Testuser892@swarmio.media
Testuser893,Testuser893@swarmio.media
Testuser894,Testuser894@swarmio.media
Testuser895,Testuser895@swarmio.media
Testuser896,Testuser896@swarmio.media
Testuser897,Testuser897@swarmio.media
Testuser898,Testuser898@swarmio.media
Testuser899,Testuser899@swarmio.media
Testuser900,Testuser900@swarmio.media
Testuser901,Testuser901@swarmio.media
Testuser902,Testuser902@swarmio.media
Testuser903,Testuser903@swarmio.media
Testuser904,Testuser904@swarmio.media
Testuser905,Testuser905@swarmio.media
Testuser906,Testuser906@swarmio.media
Testuser907,Testuser907@swarmio.media
Testuser908,Testuser908@swarmio.media
Testuser909,Testuser909@swarmio.media
Testuser910,Testuser910@swarmio.media
Testuser911,Testuser911@swarmio.media
Testuser912,Testuser912@swarmio.media
Testuser913,Testuser913@swarmio.media
Testuser914,Testuser914@swarmio.media
Testuser915,Testuser915@swarmio.media
Testuser916,Testuser916@swarmio.media
Testuser917,Testuser917@swarmio.media
Testuser918,Testuser918@swarmio.media
Testuser919,Testuser919@swarmio.media
Testuser920,Testuser920@swarmio.media
Testuser921,Testuser921@swarmio.media
Testuser922,Testuser922@swarmio.media
Testuser923,Testuser923@swarmio.media
Testuser924,Testuser924@swarmio.media
Testuser925,Testuser925@swarmio.media
Testuser926,Testuser926@swarmio.media
Testuser927,Testuser927@swarmio.media
Testuser928,Testuser928@swarmio.media
Testuser929,Testuser929@swarmio.media
Testuser930,Testuser930@swarmio.media
Testuser931,Testuser931@swarmio.media
Testuser932,Testuser932@swarmio.media
Testuser933,Testuser933@swarmio.media
Testuser934,Testuser934@swarmio.media
Testuser935,Testuser935@swarmio.media
Testuser936,Testuser936@swarmio.media
Testuser937,Testuser937@swarmio.media
Testuser938,Testuser938@swarmio.media
Testuser939,Testuser939@swarmio.media
Testuser940,Testuser940@swarmio.media
Testuser941,Testuser941@swarmio.media
Testuser942,Testuser942@swarmio.media
Testuser943,Testuser943@swarmio.media
Testuser944,Testuser944@swarmio.media
Testuser945,Testuser945@swarmio.media
Testuser946,Testuser946@swarmio.media
Testuser947,Testuser947@swarmio.media
Testuser948,Testuser948@swarmio.media
Testuser949,Testuser949@swarmio.media
Testuser950,Testuser950@swarmio.media
Testuser951,Testuser951@swarmio.media
Testuser952,Testuser952@swarmio.media
Testuser953,Testuser953@swarmio.media
Testuser954,Testuser954@swarmio.media
Testuser955,Testuser955@swarmio.media
Testuser956,Testuser956@swarmio.media
Testuser957,Testuser957@swarmio.media
Testuser958,Testuser958@swarmio.media
Testuser959,Testuser959@swarmio.media
Testuser960,Testuser960@swarmio.media
Testuser961,Testuser961@swarmio.media
Testuser962,Testuser962@swarmio.media
Testuser963,Testuser963@swarmio.media
Testuser964,Testuser964@swarmio.media
Testuser965,Testuser965@swarmio.media
Testuser966,Testuser966@swarmio.media
Testuser967,Testuser967@swarmio.media
Testuser968,Testuser968@swarmio.media
Testuser969,Testuser969@swarmio.media
Testuser970,Testuser970@swarmio.media
Testuser971,Testuser971@swarmio.media
Testuser972,Testuser972@swarmio.media
Testuser973,Testuser973@swarmio.media
Testuser974,Testuser974@swarmio.media
Testuser975,Testuser975@swarmio.media
Testuser976,Testuser976@swarmio.media
Testuser977,Testuser977@swarmio.media
Testuser978,Testuser978@swarmio.media
Testuser979,Testuser979@swarmio.media
Testuser980,Testuser980@swarmio.media
Testuser981,Testuser981@swarmio.media
Testuser982,Testuser982@swarmio.media
Testuser983,Testuser983@swarmio.media
Testuser984,Testuser984@swarmio.media
Testuser985,Testuser985@swarmio.media
Testuser986,Testuser986@swarmio.media
Testuser987,Testuser987@swarmio.media
Testuser988,Testuser988@swarmio.media
Testuser989,Testuser989@swarmio.media
Testuser990,Testuser990@swarmio.media
Testuser991,Testuser991@swarmio.media
Testuser992,Testuser992@swarmio.media
Testuser993,Testuser993@swarmio.media
Testuser994,Testuser994@swarmio.media
Testuser995,Testuser995@swarmio.media
Testuser996,Testuser996@swarmio.media
Testuser997,Testuser997@swarmio.media
Testuser998,Testuser998@swarmio.media
Testuser999,Testuser999@swarmio.media
Testuser1000,Testuser1000@swarmio.media
Testuser1001,Testuser1001@swarmio.media
Testuser1002,Testuser1002@swarmio.media
Testuser1003,Testuser1003@swarmio.media
